motif_id	motif_alt_id	sequence_name	start	stop	strand	score	p-value	q-value	matched_sequence
BMC_TATA_box		minCMV	16	36	+	13.0159	1e-05	0	AGGTCTATATAAGCAGAGCTC
TA0077_ZNF410_DBD_monomer		minCMV	4	20	-	3.44262	1.5e-05	0	GACCTCCCATAGTAAAC
MA0108.1.TBP		minCMV	20	34	+	12.6667	1.6e-05	0	CTATATAAGCAGAGC
MA0108.2.TBP		minCMV	20	34	+	12.625	1.6e-05	0	CTATATAAGCAGAGC
BU0025.Glis2_primary		minCMV	9	24	-	13.1743	1.63e-05	0	TATAGACCTCCCATAG
MA0752.1.ZNF410		minCMV	4	20	-	1.98182	2.15e-05	0	GACCTCCCATAGTAAAC
HU0027_ZNF136		minHBGM	4	21	+	9.78	2.27e-05	0	CTGGGCATAAAAGTCAGG
MA0597.1.THAP1		minHBGM	17	25	-	10.6579	2.32e-05	0	CTGCCCTGA
ZN410_HUMAN.H10MO.D		minCMV	7	19	+	7.83146	2.41e-05	0	TACTATGGGAGGT
MA0738.1.HIC2		minHBGM	3	11	-	11.9636	2.49e-05	0	ATGCCCAGC
TA0045_HIC2_DBD_monomer		minHBGM	3	11	-	11.9672	2.49e-05	0	ATGCCCAGC
ZIC1_HUMAN.H10MO.B		minCMV	12	20	+	11.8333	2.66e-05	0	TGGGAGGTC
TBP_HUMAN.H10MO.C		minP	6	16	+	10.9294	3.03e-05	0	GGTATATAATG
ZIC3_HUMAN.H10MO.C		minCMV	12	20	+	11.1319	3.08e-05	0	TGGGAGGTC
GLI2_HUMAN.H10MO.B		minCMV	11	21	+	2.65574	3.37e-05	0	ATGGGAGGTCT
GLI1_HUMAN.H10MO.C		minCMV	11	21	+	11.6111	3.87e-05	0	ATGGGAGGTCT
AJ_HOXB13::TBX21_002		minHBGM	31	46	-	11.0152	4.11e-05	0	AAATGTAAGCAATAGA
ZIC2_HUMAN.H10MO.C		minCMV	12	20	+	10.8804	4.38e-05	0	TGGGAGGTC
TA0720_Nr2e1_DBD_monomer		minHBGM	12	20	+	11.9032	4.84e-05	0	AAAAGTCAG
HU0038_ZNF621		minHBGM	11	25	+	11.202	5.07e-05	0	TAAAAGTCAGGGCAG
TA0471_Foxg1_DBD_dimer		minHBGM	36	52	-	-10.8387	5.31e-05	0	AGAAGCAAATGTAAGCA
MA0676.1.Nr2e1		minHBGM	12	20	+	11.6613	5.74e-05	0	AAAAGTCAG
TA0707_NR2E1_full_monomer		minHBGM	12	20	+	11.6613	5.74e-05	0	AAAAGTCAG
TA0216_NFATC1_full_dimer		minP	13	32	+	5.52727	6.04e-05	0	AATGGAAGCTCGACTTCCAG
AJ_GCM1::ONECUT2_001		minCMV	9	24	+	8.75862	6.17e-05	0	CTATGGGAGGTCTATA
MA0108.1.TBP		minHBGM	8	22	+	11.2361	6.31e-05	0	GCATAAAAGTCAGGG
MA0108.2.TBP		minHBGM	8	22	+	11.1944	6.34e-05	0	GCATAAAAGTCAGGG
BU0098.Zfp410_primary		minCMV	7	23	+	10.1927	6.69e-05	0	TACTATGGGAGGTCTAT
BARX1_HUMAN.H10MO.D		minP	1	17	+	6.84746	7.01e-05	0	TAGAGGGTATATAATGG
AJ_ELK1::FOXI1_002		minP	13	28	+	5.62295	7.27e-05	0	AATGGAAGCTCGACTT
HU0039_ZNF653		minCMV	4	27	+	9.31429	7.34e-05	0	GTTTACTATGGGAGGTCTATATAA
TA0421_Mafb_DBD_dimer		minHBGM	34	51	-	8.86239	7.65e-05	0	GAAGCAAATGTAAGCAAT
BU0045.Myb_primary		minCMV	40	56	+	11.1461	7.71e-05	0	TAGTGAACCGTCAGATC
TA0040_GLI2_DBD_monomer		minCMV	7	20	-	10.6393	8.2e-05	0	GACCTCCCATAGTA
BMC_TATA_box		minP	3	23	+	10.8254	8.32e-05	0	GAGGGTATATAATGGAAGCTC
BU0019.Foxl1_primary		minHBGM	31	47	-	10.087	8.33e-05	0	CAAATGTAAGCAATAGA
AJ_GCM1::HOXB13_004		minHBGM	1	15	+	10.4697	9.29e-05	0	GGGCTGGGCATAAAA
TA0477_Foxj3_DBD_dimer		minHBGM	36	48	-	7.64516	9.44e-05	0	GCAAATGTAAGCA
BU0046.Mybl1_primary		minCMV	40	56	+	10.7653	9.55e-05	0	TAGTGAACCGTCAGATC
TA0576_HOXD11_DBD_monomer		minHBGM	6	15	+	10.0608	9.64e-05	0	GGGCATAAAA
BU0018.Foxk1_primary		minHBGM	31	47	-	9.83516	0.0001	0	CAAATGTAAGCAATAGA
MA0139.1.CTCF		minHBGM	23	41	-	7.62295	0.000106	0	TAAGCAATAGATGGCTCTG
AJ_TEAD4::SOX6		minHBGM	22	40	-	8.32258	0.000108	0	AAGCAATAGATGGCTCTGC
AJ_GCM1::ONECUT2_002		minCMV	9	24	+	7.53448	0.00011	0	CTATGGGAGGTCTATA
AJ_GCM1::HOXB13_003		minHBGM	1	15	+	8.13115	0.000117	0	GGGCTGGGCATAAAA
BMC_TATA_box		minHBGM	4	24	+	10.381	0.000119	0	CTGGGCATAAAAGTCAGGGCA
TA0231_PAX6_DBD_monomer		minCMV	36	54	-	6.45902	0.000123	0	TCTGACGGTTCACTAAACG
TA0443_FOXG1_DBD_dimer		minHBGM	36	52	-	-19.6393	0.000126	0	AGAAGCAAATGTAAGCA
MA0108.1.TBP		minP	7	21	+	10.3472	0.000127	0	GTATATAATGGAAGC
MA0108.2.TBP		minP	7	21	+	10.3056	0.000128	0	GTATATAATGGAAGC
TA0421_Mafb_DBD_dimer		minHBGM	34	51	+	7.69725	0.000129	0	ATTGCTTACATTTGCTTC
GLIS1_HUMAN.H10MO.D		minCMV	9	21	+	8.99291	0.000131	0	CTATGGGAGGTCT
CTCFL_HUMAN.H10MO.A		minHBGM	23	41	-	7.85321	0.000136	0	TAAGCAATAGATGGCTCTG
FOXD1_HUMAN.H10MO.D		minHBGM	33	47	+	9.98	0.000139	0	TATTGCTTACATTTG
SMiLE_ZFP1_002		minP	1	15	+	8.8871	0.000148	0	TAGAGGGTATATAAT
AJ_ETV2::FOXI1_003		minHBGM	35	51	-	9.33333	0.000153	0	GAAGCAAATGTAAGCAA
AJ_GCM1::FOXI1_003		minP	5	19	+	8.7069	0.00016	0	GGGTATATAATGGAA
HU0011_ZNF35		minCMV	22	42	+	-2.38182	0.000163	0	ATATAAGCAGAGCTCGTTTAG
MA0031.1.FOXD1		minHBGM	35	42	-	9.47	0.000169	0	GTAAGCAA
CTCF_HUMAN.H10MO.A		minHBGM	22	41	-	7.06122	0.000172	0	TAAGCAATAGATGGCTCTGC
TA0265_RFX2_DBD_dimer		minCMV	4	18	+	-7.27143	0.000176	0	GTTTACTATGGGAGG
TA0495_BARX1_DBD_dimer		minP	1	17	-	8.39683	0.000176	0	CCATTATATACCCTCTA
AJ_ELK1::FOXI1_001		minHBGM	35	51	-	4.07273	0.000178	0	GAAGCAAATGTAAGCAA
ZIC4_HUMAN.H10MO.D		minCMV	6	20	+	6.30909	0.000185	0	TTACTATGGGAGGTC
AJ_FOXJ2::HOXB13_004		minHBGM	2	15	-	9.5873	0.000185	0	TTTTATGCCCAGCC
AJ_ELK1::FOXI1_005		minHBGM	36	51	-	8.37879	0.000186	0	GAAGCAAATGTAAGCA
AJ_GCM1::FOXI1_002		minP	7	19	+	8.72727	0.000192	0	GTATATAATGGAA
MA0910.1.Hoxd8		minHBGM	25	41	-	9.21429	0.000194	0	TAAGCAATAGATGGCTC
MA0095.1.YY1		minHBGM	27	32	+	9.83673	0.000195	0	GCCATC
RXRB_HUMAN.H10MO.C		minHBGM	17	26	+	9.59341	0.000197	0	TCAGGGCAGA
TA0432_FOXB1_full_monomer		minHBGM	35	43	-	9.29032	0.000201	0	TGTAAGCAA
HOMEO0082_Hoxd8_2644.1		minHBGM	25	41	-	9.16667	0.000202	0	TAAGCAATAGATGGCTC
SMiLE_CTCF_001		minHBGM	25	39	-	8.69725	0.000203	0	AGCAATAGATGGCTC
HXD13_HUMAN.H10MO.D		minCMV	5	15	+	9.50495	0.000206	0	TTTACTATGGG
BU0099.Zfp691_primary		minCMV	25	41	+	6.88764	0.000208	0	TAAGCAGAGCTCGTTTA
AJ_GCM2::FOXI1_001		minP	7	19	+	7.91489	0.000209	0	GTATATAATGGAA
AJ_MEIS1::EVX1		minHBGM	26	41	+	6.91935	0.000218	0	AGCCATCTATTGCTTA
FOXG1_HUMAN.H10MO.D		minHBGM	34	50	+	8.94366	0.000219	0	ATTGCTTACATTTGCTT
TA0452_FOXJ3_DBD_dimer		minCMV	18	30	+	5.79032	0.000223	0	GTCTATATAAGCA
TA0209_MYBL1_DBD_monomer		minCMV	43	53	+	9.63265	0.000224	0	TGAACCGTCAG
MA0911.1.Hoxa11		minHBGM	6	17	+	9.32258	0.000224	0	GGGCATAAAAGT
TA0582_Hoxa11_DBD_monomer		minHBGM	6	17	+	9.29032	0.000225	0	GGGCATAAAAGT
AJ_ERF::PITX1_001		minP	13	29	+	9.19481	0.000225	0	AATGGAAGCTCGACTTC
AJ_GCM1::FOXO1_001		minP	7	20	+	7.86207	0.000227	0	GTATATAATGGAAG
TA0242_POU2F3_DBD_dimer		minHBGM	39	50	-	9.14286	0.00024	0	AAGCAAATGTAA
TA0257_POU5F1P1_DBD_monomer		minHBGM	39	50	-	8.9375	0.000241	0	AAGCAAATGTAA
GFI1B_HUMAN.H10MO.C		minHBGM	14	24	-	9.02439	0.000244	0	TGCCCTGACTT
MA0846.1.FOXC2		minHBGM	34	45	-	9.29703	0.000248	0	AATGTAAGCAAT
HXD8_HUMAN.H10MO.D		minHBGM	41	51	+	9.32857	0.000248	0	ACATTTGCTTC
TA0071_ZIC3_full_monomer		minCMV	6	20	-	4.27869	0.000249	0	GACCTCCCATAGTAA
MA0697.1.ZIC3		minCMV	6	20	-	4.31429	0.000251	0	GACCTCCCATAGTAA
TA0438_FOXC2_DBD_monomer		minHBGM	34	45	-	9.26733	0.000251	0	AATGTAAGCAAT
MA0739.1.Hic1		minHBGM	3	11	-	9.44231	0.000259	0	ATGCCCAGC
TA0050_Hic1_DBD_dimer		minHBGM	3	11	-	9.41935	0.000259	0	ATGCCCAGC
TA0498_Barhl1_DBD_monomer		minCMV	1	10	-	9.01587	0.000259	0	AGTAAACGCC
TA0424_NRL_DBD_monomer		minHBGM	32	42	+	9.22951	0.000259	0	CTATTGCTTAC
GLI3_HUMAN.H10MO.B		minCMV	11	21	+	7.18367	0.000264	0	ATGGGAGGTCT
MA0842.1.NRL		minHBGM	32	42	+	9.2	0.000264	0	CTATTGCTTAC
HU0006_CTCF		minHBGM	25	39	+	-0.288462	0.000276	0	GAGCCATCTATTGCT
TA0570_HOXC11_full_monomer		minHBGM	6	16	+	9.11111	0.000278	0	GGGCATAAAAG
TA0213_MYBL2_DBD_monomer		minCMV	43	53	+	9.02041	0.00028	0	TGAACCGTCAG
SMRC1_HUMAN.H10MO.D		minHBGM	21	31	+	8.76768	0.00028	0	GGCAGAGCCAT
FOXC1_HUMAN.H10MO.C		minHBGM	33	47	+	5.23596	0.000286	0	TATTGCTTACATTTG
TA0777_ZNF435_full_dimer		minCMV	34	51	+	-21.7541	0.000287	0	CTCGTTTAGTGAACCGTC
NFIL3_HUMAN.H10MO.C		minP	6	19	+	7.79121	0.000296	0	GGTATATAATGGAA
TA0746_Rara_DBD_dimer		minHBGM	12	29	+	-6.7377	0.000297	0	AAAAGTCAGGGCAGAGCC
TA0441_FOXD3_DBD_dimer		minHBGM	36	49	+	8.63492	0.000297	0	TGCTTACATTTGCT
MYBA_HUMAN.H10MO.D		minCMV	42	52	-	9.09091	0.000305	0	TGACGGTTCAC
BU0015.Foxa2_primary		minHBGM	31	47	-	8.1	0.000306	0	CAAATGTAAGCAATAGA
MA0850.1.FOXP3		minHBGM	36	42	-	9.54167	0.000306	0	GTAAGCA
TA0468_FOXP3_DBD_monomer		minHBGM	36	42	-	9.52381	0.000306	0	GTAAGCA
TA0867_ESRRA_DBD_dimer		minP	3	19	+	-0.147541	0.000306	0	GAGGGTATATAATGGAA
MEF2D_HUMAN.H10MO.C		minCMV	21	32	-	7.61607	0.000309	0	TCTGCTTATATA
TF7L1_HUMAN.H10MO.D		minHBGM	10	25	+	8.84444	0.00031	0	ATAAAAGTCAGGGCAG
TA0032_CTCF_full_monomer		minHBGM	24	40	+	-1.27869	0.000312	0	AGAGCCATCTATTGCTT
MA0635.1.BARHL2		minCMV	34	43	-	9.26	0.000312	0	ACTAAACGAG
TA0492_BARHL2_full_monomer		minCMV	34	43	-	9.20635	0.000319	0	ACTAAACGAG
MA0258.2.ESR2		minHBGM	19	33	+	7.65385	0.000319	0	AGGGCAGAGCCATCT
TAL1_HUMAN.H10MO.S		minHBGM	26	37	-	2.82022	0.000321	0	CAATAGATGGCT
MA0851.1.Foxj3		minP	2	18	+	8.04762	0.000328	0	AGAGGGTATATAATGGA
TA0498_Barhl1_DBD_monomer		minCMV	34	43	-	8.74603	0.000331	0	ACTAAACGAG
MA0523.1.TCF7L2		minHBGM	6	19	+	7.54545	0.000331	0	GGGCATAAAAGTCA
HXA9_HUMAN.H10MO.D		minCMV	39	52	-	6.76667	0.000334	0	TGACGGTTCACTAA
AJ_HOXB2::PAX1_001		minCMV	39	55	-	-2.05455	0.00034	0	ATCTGACGGTTCACTAA
AJ_HOXD12::TBX21_003		minCMV	5	18	-	7.56897	0.000341	0	CCTCCCATAGTAAA
AJ_HOXB2::HOXB13_002		minCMV	34	45	+	8.58209	0.000341	0	CTCGTTTAGTGA
AJ_HOXB13::ONECUT2_001		minCMV	17	32	-	8.4697	0.000341	0	TCTGCTTATATAGACC
TA0489_BARHL2_DBD_monomer		minCMV	34	43	-	8.98413	0.000343	0	ACTAAACGAG
TA0821_SOX8_full_dimer		minHBGM	29	45	+	-33.9508	0.000343	0	CATCTATTGCTTACATT
TA0449_FOXJ2_DBD_dimer		minCMV	18	30	+	6.3913	0.000347	0	GTCTATATAAGCA
TA0415_MAFK_DBD_monomer		minHBGM	31	42	+	8.55738	0.000354	0	TCTATTGCTTAC
MA0495.1.MAFF		minHBGM	30	47	-	7.35556	0.000358	0	CAAATGTAAGCAATAGAT
MA0496.1.MAFK		minHBGM	32	46	-	7.02222	0.000362	0	AAATGTAAGCAATAG
HOMEO0142_Pknox1_2364.2		minCMV	41	56	+	5.54878	0.000363	0	AGTGAACCGTCAGATC
GLIS3_HUMAN.H10MO.D		minCMV	11	20	+	8.19101	0.000364	0	ATGGGAGGTC
SCRT1_HUMAN.H10MO.D		minHBGM	26	38	-	6.09211	0.000366	0	GCAATAGATGGCT
BU0017.Foxj3_primary		minP	2	18	+	7.74257	0.00037	0	AGAGGGTATATAATGGA
SMiLE_NR4A2::RXRa		minCMV	35	49	+	6.74747	0.000371	0	TCGTTTAGTGAACCG
MA0079.3.SP1		minHBGM	18	28	-	4.59615	0.000372	0	GCTCTGCCCTG
BU0005.Bbx_primary		minCMV	35	49	+	8.39655	0.000372	0	TCGTTTAGTGAACCG
MA0751.1.ZIC4		minCMV	6	20	-	6.69091	0.000373	0	GACCTCCCATAGTAA
MEIS1_HUMAN.H10MO.C		minCMV	40	52	-	7.17778	0.000375	0	TGACGGTTCACTA
TA0072_ZIC4_DBD_monomer		minCMV	6	20	-	6.67213	0.000376	0	GACCTCCCATAGTAA
TA0417_MAFK_full_monomer		minHBGM	31	42	+	8.42623	0.000377	0	TCTATTGCTTAC
TA0719_NR4A2_full_monomer		minHBGM	9	19	+	6.33871	0.000384	0	CATAAAAGTCA
HXD12_HUMAN.H10MO.D		minHBGM	7	17	-	8.71698	0.000386	0	ACTTTTATGCC
BU0017.Foxj3_primary		minHBGM	31	47	-	7.62376	0.00039	0	CAAATGTAAGCAATAGA
ZIC1_HUMAN.H10MO.B		minHBGM	1	9	+	8.74444	0.00039	0	GGGCTGGGC
IKZF1_HUMAN.H10MO.C		minCMV	11	18	+	9.04878	0.000394	0	ATGGGAGG
SMiLE_YY1		minP	10	22	+	8.74157	0.000401	0	TATAATGGAAGCT
TA0419_Mafb_DBD_monomer		minHBGM	32	43	+	8.21348	0.000402	0	CTATTGCTTACA
MA0117.2.Mafb		minHBGM	32	43	+	8.21348	0.000402	0	CTATTGCTTACA
TA0442_FOXD3_DBD_monomer		minCMV	3	9	-	9.11111	0.000403	0	GTAAACG
MA0613.1.FOXG1		minHBGM	35	42	-	4.14607	0.000403	0	GTAAGCAA
TA0449_FOXJ2_DBD_dimer		minHBGM	36	48	-	6.03261	0.000403	0	GCAAATGTAAGCA
ETV4_HUMAN.H10MO.B		minP	25	32	-	8.82222	0.000406	0	CTGGAAGT
BATF3_HUMAN.H10MO.D		minHBGM	33	44	+	8.60241	0.000407	0	TATTGCTTACAT
TA0592_Hoxd9_DBD_monomer		minHBGM	7	15	+	8.74603	0.000408	0	GGCATAAAA
TA0788_SOX10_full_dimer		minHBGM	30	44	+	-31.7049	0.000409	0	ATCTATTGCTTACAT
HU0009_ZNF528		minP	17	30	-	-3.08163	0.00041	0	GGAAGTCGAGCTTC
BU0056.Rfxdc2_primary		minCMV	2	16	-	6.73034	0.000411	0	TCCCATAGTAAACGC
MA0895.1.HMBOX1		minCMV	4	13	-	8.67742	0.000414	0	CATAGTAAAC
TA0544_HMBOX1_DBD_monomer		minCMV	4	13	-	8.67742	0.000414	0	CATAGTAAAC
AJ_GLI3		minCMV	7	21	-	-4.12069	0.000417	0	AGACCTCCCATAGTA
ZIC2_HUMAN.H10MO.C		minHBGM	1	9	+	8.32609	0.000418	0	GGGCTGGGC
SMiLE_NR4A2		minHBGM	11	19	+	8.528	0.000421	0	TAAAAGTCA
AJ_MEIS2::ONECUT2_002		minHBGM	32	49	-	-4.23636	0.000422	0	AGCAAATGTAAGCAATAG
HXD11_HUMAN.H10MO.D		minHBGM	6	16	-	8.55128	0.000429	0	CTTTTATGCCC
TA0365_NEUROG2_full_dimer		minHBGM	27	36	-	4.60656	0.000437	0	AATAGATGGC
PRD14_HUMAN.H10MO.C		minCMV	36	49	+	7.75	0.000442	0	CGTTTAGTGAACCG
TA0492_BARHL2_full_monomer		minCMV	1	10	-	8.79365	0.000447	0	AGTAAACGCC
THA_HUMAN.H10MO.S		minHBGM	16	25	+	8.38554	0.000448	0	GTCAGGGCAG
MA0669.1.NEUROG2		minHBGM	27	36	-	4.54545	0.000448	0	AATAGATGGC
MA0635.1.BARHL2		minCMV	1	10	-	8.82	0.00045	0	AGTAAACGCC
MA0083.3.SRF		minCMV	17	32	+	-1.7377	0.000451	0	GGTCTATATAAGCAGA
TA0190_SRF_full_dimer		minCMV	17	32	+	-1.7377	0.000451	0	GGTCTATATAAGCAGA
TA0439_FOXD2_DBD_dimer		minHBGM	36	49	+	7.98413	0.000464	0	TGCTTACATTTGCT
MAFG_HUMAN.H10MO.C		minHBGM	16	36	+	4.07143	0.000465	0	GTCAGGGCAGAGCCATCTATT
AJ_HOXB13::TBX3_001		minHBGM	7	24	+	7.04545	0.000465	0	GGCATAAAAGTCAGGGCA
AJ_ETV2::ONECUT2_001		minP	6	22	+	2.39655	0.000465	0	GGTATATAATGGAAGCT
HOMEO0050_Hoxa13_3126.1		minCMV	30	45	+	5.71951	0.000466	0	AGAGCTCGTTTAGTGA
MA0847.1.FOXD2		minCMV	3	9	-	8.62712	0.000468	0	GTAAACG
TA0440_FOXD2_DBD_monomer		minCMV	3	9	-	8.61905	0.000468	0	GTAAACG
TA0049_Hic1_DBD_dimer		minP	3	20	-	-4.80328	0.000468	0	CTTCCATTATATACCCTC
MA0071.1.RORA		minHBGM	10	19	+	4.36735	0.000468	0	ATAAAAGTCA
HXA7_HUMAN.H10MO.D		minHBGM	29	43	+	8.27723	0.00047	0	CATCTATTGCTTACA
SUH_HUMAN.H10MO.C		minCMV	9	19	+	8.10606	0.000475	0	CTATGGGAGGT
MA0852.1.Foxk1		minHBGM	31	47	-	5.62651	0.000476	0	CAAATGTAAGCAATAGA
HU0002_YY1		minP	10	24	-	5.16327	0.00048	0	CGAGCTTCCATTATA
BU0042.Mafk_primary		minHBGM	30	44	+	7.42742	0.000482	0	ATCTATTGCTTACAT
RFX3_HUMAN.H10MO.B		minCMV	4	17	+	-0.0454545	0.00049	0	GTTTACTATGGGAG
MA0148.2.FOXA1		minHBGM	36	46	+	7.17	0.000491	0	TGCTTACATTT
TA0070_ZIC1_full_monomer		minCMV	7	20	-	-0.786885	0.000495	0	GACCTCCCATAGTA
BMC_TATA_box		minCMV	11	31	-	8.31746	0.0005	0	CTGCTTATATAGACCTCCCAT
TA0218_NFATC1_full_dimer		minCMV	5	18	+	-3.28846	0.0005	0	TTTACTATGGGAGG
BU0055.Rfx4_primary		minCMV	2	16	-	4.83146	0.000501	0	TCCCATAGTAAACGC
HIC2_HUMAN.H10MO.D		minHBGM	3	13	-	7.01316	0.000502	0	TTATGCCCAGC
MA0148.1.FOXA1		minHBGM	36	46	+	7.18	0.000505	0	TGCTTACATTT
AJ_FOXA1		minHBGM	36	45	-	8.35	0.000507	0	AATGTAAGCA
ESR2_HUMAN.H10MO.A		minHBGM	17	34	-	6.78788	0.000508	0	TAGATGGCTCTGCCCTGA
AJ_GCM1::HOXA13		minHBGM	1	14	+	7.19192	0.000509	0	GGGCTGGGCATAAA
AJ_GCM1::FOXO1_001		minHBGM	12	25	+	6.03448	0.000509	0	AAAAGTCAGGGCAG
MA0058.2.MAX		minHBGM	41	50	-	-5.16327	0.000509	0	AAGCAAATGT
AJ_HOXB2::ELF1_001		minHBGM	6	27	+	4.94545	0.000509	0	GGGCATAAAAGTCAGGGCAGAG
NRL_HUMAN.H10MO.D		minCMV	20	30	-	8.16364	0.000511	0	TGCTTATATAG
KLF4_HUMAN.H10MO.A		minHBGM	19	28	+	7.10204	0.000512	0	AGGGCAGAGC
NGN2_HUMAN.H10MO.D		minHBGM	40	52	+	8.15873	0.000516	0	TACATTTGCTTCT
HXC12_HUMAN.H10MO.D		minHBGM	5	16	-	8.16667	0.000519	0	CTTTTATGCCCA
TA0456_FOXO1_DBD_monomer		minHBGM	35	42	-	8.24194	0.000523	0	GTAAGCAA
AJ_GCM1::FOXO1_002		minP	7	20	+	6.51316	0.000523	0	GTATATAATGGAAG
TF7L2_HUMAN.H10MO.A		minHBGM	7	19	-	7.76119	0.000523	0	TGACTTTTATGCC
MA0057.1.MZF1.var.2		minCMV	9	18	+	8.47475	0.000524	0	CTATGGGAGG
MA0736.1.GLIS2		minCMV	7	20	-	2	0.000526	0	GACCTCCCATAGTA
TA0569_HOXC11_full_monomer		minHBGM	6	16	+	6.85484	0.000537	0	GGGCATAAAAG
NRL_HUMAN.H10MO.D		minHBGM	36	46	+	8.07273	0.000537	0	TGCTTACATTT
BU0041.Mafb_primary		minHBGM	31	47	+	6.05691	0.000539	0	TCTATTGCTTACATTTG
TA0450_FOXJ3_DBD_monomer		minHBGM	35	42	-	8.34921	0.00054	0	GTAAGCAA
MA0483.1.Gfi1b		minCMV	25	35	+	5.72414	0.000543	0	TAAGCAGAGCT
TA0043_GLIS2_DBD_monomer		minCMV	7	20	-	1.98361	0.000545	0	GACCTCCCATAGTA
AJ_Hoxa10_001		minCMV	3	13	-	6.94915	0.000545	0	CATAGTAAACG
HOMEO0066_Hoxb9_3413.1		minHBGM	4	19	+	6.90476	0.000547	0	CTGGGCATAAAAGTCA
MA0651.1.HOXC11		minHBGM	6	16	+	6.7931	0.000548	0	GGGCATAAAAG
MA0696.1.ZIC1		minCMV	7	20	-	-0.914894	0.000548	0	GACCTCCCATAGTA
ZN148_HUMAN.H10MO.D		minHBGM	13	27	+	5.17978	0.000549	0	AAAGTCAGGGCAGAG
TA0489_BARHL2_DBD_monomer		minCMV	1	10	-	8.46032	0.00055	0	AGTAAACGCC
MA0062.2.Gabpa		minP	22	32	-	4.90164	0.00055	0	CTGGAAGTCGA
SP1_HUMAN.H10MO.S		minHBGM	18	28	+	6.5	0.000559	0	CAGGGCAGAGC
MA0041.1.Foxd3		minHBGM	39	50	+	7.17391	0.000565	0	TTACATTTGCTT
TA0087_Zic3_DBD_monomer		minCMV	6	20	-	-0.967213	0.000565	0	GACCTCCCATAGTAA
MA0079.3.SP1		minCMV	11	21	-	1.65385	0.000571	0	AGACCTCCCAT
TA0815_SOX8_DBD_dimer		minHBGM	8	20	-	-5.52459	0.000572	0	CTGACTTTTATGC
MA0465.1.CDX2		minHBGM	5	15	+	-1.34921	0.000573	0	TGGGCATAAAA
RARB_HUMAN.H10MO.D		minHBGM	18	28	+	5.12245	0.000578	0	CAGGGCAGAGC
PO2F1_HUMAN.H10MO.B		minHBGM	43	51	-	7.912	0.000579	0	GAAGCAAAT
AJ_ELK1::FOXI1_006		minHBGM	36	50	-	7.23611	0.00058	0	AAGCAAATGTAAGCA
HOMEO0070_Hoxc13_3127.1		minCMV	30	45	+	6	0.000584	0	AGAGCTCGTTTAGTGA
NR1H2_HUMAN.H10MO.D		minHBGM	4	22	+	-17.6429	0.000586	0	CTGGGCATAAAAGTCAGGG
MA0461.1.Atoh1		minHBGM	27	34	-	-3.90385	0.00059	0	TAGATGGC
NR2C1_HUMAN.H10MO.C		minCMV	42	54	-	5.04082	0.000593	0	TCTGACGGTTCAC
TA0100_ONECUT1_full_monomer		minHBGM	31	44	-	-0.0819672	0.000596	0	ATGTAAGCAATAGA
MAZ_HUMAN.H10MO.A		minHBGM	1	22	+	1.9898	0.000599	0	GGGCTGGGCATAAAAGTCAGGG
MA0095.2.YY1		minP	10	21	+	4.23077	0.000602	0	TATAATGGAAGC
COT2_HUMAN.H10MO.A		minHBGM	11	23	+	7.28788	0.000608	0	TAAAAGTCAGGGC
MAFA_HUMAN.H10MO.D		minCMV	36	56	-	6.50562	0.000614	0	GATCTGACGGTTCACTAAACG
FOXD1_HUMAN.H10MO.D		minCMV	19	33	-	7.39	0.000614	0	CTCTGCTTATATAGA
AJ_CLOCK::EVX1_004		minHBGM	29	47	+	7.12727	0.000614	0	CATCTATTGCTTACATTTG
TYY2_HUMAN.H10MO.D		minP	11	21	+	5.40909	0.000622	0	ATAATGGAAGC
HOMEO0172_Tgif2_3451.1		minCMV	41	56	+	3.79268	0.000623	0	AGTGAACCGTCAGATC
MA0112.2.ESR1		minHBGM	19	38	-	6.12903	0.000626	0	GCAATAGATGGCTCTGCCCT
AJ_GCM1::MAX_003		minCMV	33	53	-	-2.80769	0.000628	0	CTGACGGTTCACTAAACGAGC
TA0817_SOX8_DBD_dimer		minHBGM	29	45	+	-19.082	0.000628	0	CATCTATTGCTTACATT
MA0258.1.ESR2		minHBGM	17	34	+	6	0.000629	0	TCAGGGCAGAGCCATCTA
MA0083.3.SRF		minCMV	17	32	-	-3.14754	0.000635	0	TCTGCTTATATAGACC
TA0190_SRF_full_dimer		minCMV	17	32	-	-3.14754	0.000635	0	TCTGCTTATATAGACC
ESR2_HUMAN.H10MO.S		minHBGM	19	25	+	8.04286	0.000636	0	AGGGCAG
AJ_ELK1::FOXI1_005		minCMV	36	51	-	5.57576	0.000646	0	GACGGTTCACTAAACG
AJ_GCM1::HOXB13_002		minCMV	5	20	-	6.90141	0.000648	0	GACCTCCCATAGTAAA
TBP_HUMAN.H10MO.C		minCMV	19	29	+	7.92941	0.00065	0	TCTATATAAGC
MA0108.1.TBP		minCMV	13	27	-	7.77778	0.000652	0	TTATATAGACCTCCC
NR1H4_HUMAN.H10MO.C		minCMV	36	49	-	5.85556	0.000655	0	CGGTTCACTAAACG
TA0406_Hlf_DBD_dimer		minP	5	16	+	3.43548	0.00066	0	GGGTATATAATG
RARA_HUMAN.H10MO.S		minCMV	15	21	+	1.73171	0.000661	0	GAGGTCT
TA0189_SRF_DBD_dimer		minCMV	19	30	+	0.257576	0.000662	0	TCTATATAAGCA
MA0737.1.GLIS3		minCMV	7	20	-	-5.40909	0.000666	0	GACCTCCCATAGTA
CDX1_HUMAN.H10MO.C		minHBGM	8	15	-	8	0.000667	0	TTTTATGC
SOX5_HUMAN.H10MO.C		minHBGM	33	40	+	7.6988	0.000668	0	TATTGCTT
MA0108.2.TBP		minCMV	13	27	-	7.73611	0.000675	0	TTATATAGACCTCCC
AJ_GCM1::FOXO1_002		minHBGM	12	25	+	5.89474	0.000678	0	AAAAGTCAGGGCAG
MA0083.1.SRF		minP	7	18	-	1	0.00068	0	TCCATTATATAC
MAFF_HUMAN.H10MO.A		minHBGM	31	52	+	0.515152	0.00068	0	TCTATTGCTTACATTTGCTTCT
TA0578_HOXD12_DBD_monomer		minHBGM	6	16	+	4.60656	0.000681	0	GGGCATAAAAG
SMiLE_ZNF682		minHBGM	19	29	-	7.75714	0.000689	0	GGCTCTGCCCT
SMiLE_LEF1		minHBGM	10	19	-	7.375	0.00069	0	TGACTTTTAT
MA0873.1.HOXD12		minHBGM	6	16	+	4.5082	0.000691	0	GGGCATAAAAG
SMAD3_HUMAN.H10MO.C		minHBGM	20	29	-	7.91463	0.000692	0	GGCTCTGCCC
AJ_E2F3::ONECUT2_002		minHBGM	22	40	+	1.67241	0.000697	0	GCAGAGCCATCTATTGCTT
AJ_ERF::FOXO1		minCMV	42	55	+	5.98485	0.000699	0	GTGAACCGTCAGAT
BACH1_HUMAN.H10MO.A		minHBGM	21	33	+	6.08163	0.0007	0	GGCAGAGCCATCT
SMiLE_ZNF167		minHBGM	5	21	-	6.79675	0.0007	0	CCTGACTTTTATGCCCA
ESR1_HUMAN.H10MO.S		minHBGM	19	36	+	6.20909	0.000702	0	AGGGCAGAGCCATCTATT
SMiLE_SP4		minCMV	10	22	+	5.93258	0.000703	0	TATGGGAGGTCTA
MA0516.1.SP2		minHBGM	14	28	-	3.43103	0.000703	0	GCTCTGCCCTGACTT
SMiLE_ZFP1_002		minHBGM	2	16	+	4.04839	0.000706	0	GGCTGGGCATAAAAG
BHE22_HUMAN.H10MO.D		minHBGM	40	52	+	-3.98276	0.000707	0	TACATTTGCTTCT
MA0852.1.Foxk1		minP	2	18	+	4.3253	0.000707	0	AGAGGGTATATAATGGA
TA0435_FOXC1_DBD_monomer		minHBGM	35	45	-	7.07937	0.000712	0	AATGTAAGCAA
MA0626.1.Npas2		minHBGM	40	49	-	6.47541	0.000712	0	AGCAAATGTA
HXC11_HUMAN.H10MO.D		minHBGM	6	16	-	7.70833	0.000713	0	CTTTTATGCCC
TA0736_RORA_DBD_dimer		minCMV	13	32	+	-15.7049	0.000713	0	GGGAGGTCTATATAAGCAGA
MA0156.1.FEV		minP	25	32	-	5.35714	0.000718	0	CTGGAAGT
TYY1_HUMAN.H10MO.A		minP	10	21	+	5.77049	0.00072	0	TATAATGGAAGC
MA0850.1.FOXP3		minCMV	24	30	+	8.36111	0.00072	0	ATAAGCA
TA0468_FOXP3_DBD_monomer		minCMV	24	30	+	8.34921	0.00072	0	ATAAGCA
TA0514_DUXA_DBD_dimer		minHBGM	35	47	-	6.53226	0.000722	0	CAAATGTAAGCAA
TA0805_SOX2_DBD_dimer		minHBGM	6	20	+	-11.377	0.000723	0	GGGCATAAAAGTCAG
SRF_HUMAN.H10MO.A		minCMV	17	34	-	6.85859	0.000725	0	GCTCTGCTTATATAGACC
MA0884.1.DUXA		minHBGM	35	47	-	6.53226	0.000726	0	CAAATGTAAGCAA
SMiLE_YY1		minHBGM	23	35	-	7.62921	0.000726	0	ATAGATGGCTCTG
PPARA_HUMAN.H10MO.S		minCMV	15	21	+	7.67105	0.000727	0	GAGGTCT
CUX1_HUMAN.H10MO.C		minHBGM	24	37	+	7.64286	0.000727	0	AGAGCCATCTATTG
MA0598.1.EHF		minP	25	32	+	-1.62295	0.000728	0	ACTTCCAG
SCRT2_HUMAN.H10MO.D		minHBGM	28	40	-	-4.18182	0.00073	0	AAGCAATAGATGG
SMiLE_MYF6		minHBGM	39	49	+	7.66867	0.000733	0	TTACATTTGCT
AJ_ETV2::SOX15_003		minHBGM	32	51	-	1.2459	0.000735	0	GAAGCAAATGTAAGCAATAG
AJ_GCM2::PITX1_001		minCMV	9	22	+	6.34483	0.000735	0	CTATGGGAGGTCTA
JUNB_HUMAN.H10MO.C		minHBGM	21	31	+	3.31818	0.000736	0	GGCAGAGCCAT
TA0872_HOXD12_DBD_monomer		minCMV	3	13	-	6.91935	0.000736	0	CATAGTAAACG
SMiLE_ZNF282		minHBGM	1	11	+	4.62295	0.000736	0	GGGCTGGGCAT
PLAL1_HUMAN.H10MO.D		minCMV	12	21	+	5.47706	0.000739	0	TGGGAGGTCT
MA0032.2.FOXC1		minHBGM	35	45	-	6.98	0.000741	0	AATGTAAGCAA
TA0044_GLIS3_DBD_monomer		minCMV	7	20	-	-6.42623	0.000742	0	GACCTCCCATAGTA
NR2E1_HUMAN.H10MO.D		minHBGM	6	22	-	3.41463	0.000743	0	CCCTGACTTTTATGCCC
ESR1_HUMAN.H10MO.A		minHBGM	17	33	+	6.77273	0.000748	0	TCAGGGCAGAGCCATCT
FOXL1_HUMAN.H10MO.D		minHBGM	28	46	+	-14.8871	0.00075	0	CCATCTATTGCTTACATTT
MA0083.1.SRF		minCMV	20	31	-	0.662921	0.000753	0	CTGCTTATATAG
MA0147.2.Myc		minHBGM	41	50	+	-4.21818	0.000754	0	ACATTTGCTT
HOMEO0122_Nkx6-3_3446.1		minP	6	22	+	6.7381	0.000756	0	GGTATATAATGGAAGCT
MA0047.1.Foxa2		minHBGM	39	50	+	6.68627	0.000757	0	TTACATTTGCTT
AJ_HOXB2::PITX1_003		minCMV	25	40	-	7.05634	0.000758	0	AAACGAGCTCTGCTTA
MA0496.1.MAFK		minCMV	20	34	+	4.53333	0.000759	0	CTATATAAGCAGAGC
HOMEZ_HUMAN.H10MO.D		minCMV	30	44	+	3.85714	0.000759	0	AGAGCTCGTTTAGTG
RARB_HUMAN.H10MO.D		minHBGM	13	23	+	4.23469	0.00076	0	AAAGTCAGGGC
MYBA_HUMAN.H10MO.D		minCMV	44	54	+	7.25455	0.000765	0	GAACCGTCAGA
TA0564_HOXC10_DBD_monomer		minHBGM	7	16	+	7.87302	0.000766	0	GGCATAAAAG
MA0517.1.STAT1::STAT2		minHBGM	35	49	+	2.84848	0.000767	0	TTGCTTACATTTGCT
NKX32_HUMAN.H10MO.C		minCMV	36	46	+	7.41837	0.000769	0	CGTTTAGTGAA
TA0431_FOXB1_DBD_monomer		minHBGM	35	45	-	6.75806	0.00077	0	AATGTAAGCAA
AJ_GCM1::ELK1_001		minHBGM	2	22	+	2.08065	0.000771	0	GGCTGGGCATAAAAGTCAGGG
MA0154.3.EBF1		minCMV	5	18	-	1.63934	0.000772	0	CCTCCCATAGTAAA
TA0503_CDX2_DBD_monomer		minHBGM	7	15	+	7.49206	0.000773	0	GGCATAAAA
TA0063_YY1_full_monomer		minP	11	21	-	7.81967	0.000776	0	GCTTCCATTAT
AJ_TEAD4::ERG_001		minHBGM	31	51	-	-0.754098	0.000781	0	GAAGCAAATGTAAGCAATAGA
ELK4_HUMAN.H10MO.A		minP	13	23	+	7.38182	0.000782	0	AATGGAAGCTC
NFAC1_HUMAN.H10MO.A		minP	12	23	+	6.83333	0.000782	0	TAATGGAAGCTC
HU0020_ZNF519		minCMV	11	23	+	-4.07273	0.000782	0	ATGGGAGGTCTAT
MA0850.1.FOXP3		minCMV	3	9	-	8.09722	0.000785	0	GTAAACG
TA0468_FOXP3_DBD_monomer		minCMV	3	9	-	8.07937	0.000785	0	GTAAACG
EVX2_HUMAN.H10MO.A		minHBGM	4	15	-	6.95522	0.000785	0	TTTTATGCCCAG
SPIB_HUMAN.H10MO.B		minP	9	20	+	4.59756	0.000787	0	ATATAATGGAAG
HOMEO0167_Six6_2267.4		minP	1	17	+	4.37805	0.000788	0	TAGAGGGTATATAATGG
MA0047.2.Foxa2		minHBGM	36	47	+	5.37	0.000789	0	TGCTTACATTTG
RARB_HUMAN.H10MO.D		minCMV	39	49	-	4.13265	0.00079	0	CGGTTCACTAA
TA0109_EBF1_full_dimer		minCMV	5	18	-	1.59016	0.000793	0	CCTCCCATAGTAAA
SMiLE_RARa::RXRg		minHBGM	13	30	+	5.55455	0.000797	0	AAAGTCAGGGCAGAGCCA
SMiLE_RARa::RXRa		minHBGM	13	30	+	5.55455	0.000797	0	AAAGTCAGGGCAGAGCCA
MA0679.1.ONECUT1		minHBGM	31	44	-	-0.423077	0.000799	0	ATGTAAGCAATAGA
MA0845.1.FOXB1		minHBGM	35	45	-	6.67308	0.000801	0	AATGTAAGCAA
MA0625.1.NFATC3		minP	13	22	-	7.71717	0.000803	0	AGCTTCCATT
TA0406_Hlf_DBD_dimer		minP	5	16	-	2.80645	0.000803	0	CATTATATACCC
AIRE_HUMAN.H10MO.C		minP	4	21	+	7.41111	0.000803	0	AGGGTATATAATGGAAGC
AJ_ETV5::ETV7		minP	14	30	+	-4.56061	0.000805	0	ATGGAAGCTCGACTTCC
NR1I2_HUMAN.H10MO.S		minCMV	42	49	-	8.10112	0.000808	0	CGGTTCAC
TA0477_Foxj3_DBD_dimer		minCMV	18	30	+	1.40323	0.000809	0	GTCTATATAAGCA
HXC13_HUMAN.H10MO.D		minHBGM	7	17	-	7.38095	0.000811	0	ACTTTTATGCC
AJ_GCM1::FIGLA_003		minHBGM	1	22	+	4.71429	0.000812	0	GGGCTGGGCATAAAAGTCAGGG
HU0013_ZNF467		minHBGM	1	21	+	3.42553	0.000815	0	GGGCTGGGCATAAAAGTCAGG
AJ_HOXC10::TBX21		minCMV	5	18	-	3.86364	0.000819	0	CCTCCCATAGTAAA
MA0035.1.Gata1		minHBGM	28	33	-	7.5122	0.000821	0	AGATGG
TA0554_HOXA13_DBD_monomer		minCMV	33	43	+	6.03226	0.000823	0	GCTCGTTTAGT
HOMEO0008_Barx2_3447.2		minHBGM	26	41	-	6.70238	0.000824	0	TAAGCAATAGATGGCT
MA0512.1.Rxra		minHBGM	16	26	+	4.6	0.000825	0	GTCAGGGCAGA
ZN282_HUMAN.H10MO.D		minP	8	21	+	7.05495	0.000827	0	TATATAATGGAAGC
MA0087.1.Sox5		minHBGM	34	40	+	7.31313	0.000827	0	ATTGCTT
TYY1_HUMAN.H10MO.A		minHBGM	24	35	-	5.40984	0.000829	0	ATAGATGGCTCT
AJ_ALX4::TBX21_001		minHBGM	22	46	-	0.0408163	0.000831	0	AAATGTAAGCAATAGATGGCTCTGC
MA0106.1.TP53		minHBGM	12	31	-	-10.2755	0.000836	0	ATGGCTCTGCCCTGACTTTT
TA0551_HOXA10_DBD_monomer		minHBGM	6	17	+	6.93548	0.000838	0	GGGCATAAAAGT
MA0083.2.SRF		minCMV	15	32	+	3.67241	0.00084	0	GAGGTCTATATAAGCAGA
MA0897.1.Hmx2		minHBGM	26	42	-	5.2561	0.000843	0	GTAAGCAATAGATGGCT
FOXJ2_HUMAN.H10MO.C		minHBGM	42	51	+	4.8587	0.000846	0	CATTTGCTTC
TA0750_Rarb_DBD_dimer		minP	2	19	+	-15.8361	0.000848	0	AGAGGGTATATAATGGAA
MA0768.1.LEF1		minHBGM	6	20	+	1.01613	0.000849	0	GGGCATAAAAGTCAG
DUXA_HUMAN.H10MO.D		minHBGM	36	46	+	4.40244	0.000852	0	TGCTTACATTT
GLIS2_HUMAN.H10MO.D		minCMV	7	20	+	0.0344828	0.000855	0	TACTATGGGAGGTC
TA0165_LEF1_DBD_monomer		minHBGM	6	20	+	0.983871	0.000855	0	GGGCATAAAAGTCAG
BU0050.Osr1_primary		minP	10	25	+	4.55056	0.000856	0	TATAATGGAAGCTCGA
TA0592_Hoxd9_DBD_monomer		minCMV	4	12	-	7.61905	0.000858	0	ATAGTAAAC
BU0049.Nr2f2_primary		minHBGM	8	23	+	5.09836	0.000858	0	GCATAAAAGTCAGGGC
FOXC1_HUMAN.H10MO.C		minCMV	19	33	-	1.62921	0.000859	0	CTCTGCTTATATAGA
HOMEO0044_Hmx2_3424.3		minHBGM	26	42	-	5.29268	0.00086	0	GTAAGCAATAGATGGCT
HOMEO0120_Nkx6-1_2825.1		minP	6	22	+	5.59524	0.00086	0	GGTATATAATGGAAGCT
TA0833_Sox10_DBD_dimer		minHBGM	30	44	+	-39.623	0.000861	0	ATCTATTGCTTACAT
SRBP2_HUMAN.H10MO.B		minHBGM	16	28	+	7.31818	0.000865	0	GTCAGGGCAGAGC
TA0383_ATF4_DBD_dimer		minP	9	21	+	2.03279	0.000866	0	ATATAATGGAAGC
TA0744_RXRG_DBD_dimer		minCMV	36	49	+	-11.7541	0.000866	0	CGTTTAGTGAACCG
TA0805_SOX2_DBD_dimer		minHBGM	6	20	-	-12.377	0.000868	0	CTGACTTTTATGCCC
AJ_GCM2::DLX3_001		minCMV	9	27	+	6.34545	0.000871	0	CTATGGGAGGTCTATATAA
FOXP2_HUMAN.H10MO.A		minHBGM	35	43	+	7.51724	0.000873	0	TTGCTTACA
PAX2_HUMAN.H10MO.S		minHBGM	16	22	-	7.71951	0.000875	0	CCCTGAC
MA0833.1.ATF4		minP	9	21	+	2.01639	0.000876	0	ATATAATGGAAGC
TA0803_SOX21_DBD_dimer		minHBGM	7	19	+	-6.27869	0.00088	0	GGCATAAAAGTCA
TA0238_POU2F1_DBD_dimer		minHBGM	38	51	+	6.875	0.000882	0	CTTACATTTGCTTC
TA0057_SCRT2_DBD_monomer		minHBGM	28	40	-	-3.39344	0.000883	0	AAGCAATAGATGG
TA0572_HOXC12_DBD_monomer		minCMV	3	13	-	3.70968	0.000883	0	CATAGTAAACG
AJ_FOXO1::HOXB13_002		minCMV	5	18	-	6.58333	0.000888	0	CCTCCCATAGTAAA
MA0848.1.FOXO4		minHBGM	36	42	-	6.81818	0.000888	0	GTAAGCA
TA0463_FOXO4_DBD_monomer		minHBGM	36	42	-	6.77419	0.000888	0	GTAAGCA
PO3F2_HUMAN.H10MO.D		minHBGM	38	47	-	7.72619	0.000889	0	CAAATGTAAG
MA0787.1.POU3F2		minHBGM	41	52	-	5.51613	0.000889	0	AGAAGCAAATGT
TA0246_POU3F2_DBD_monomer		minHBGM	41	52	-	5.51613	0.000889	0	AGAAGCAAATGT
TA0691_ESRRA_DBD_dimer		minP	3	19	+	-4.2459	0.000891	0	GAGGGTATATAATGGAA
MA0083.1.SRF		minCMV	18	29	+	0.0337079	0.000896	0	GTCTATATAAGC
THB_HUMAN.H10MO.S		minCMV	12	21	+	6.63415	0.000897	0	TGGGAGGTCT
MA0095.2.YY1		minHBGM	24	35	-	2.67308	0.0009	0	ATAGATGGCTCT
HOMEO0164_Six2_2307.2		minP	1	17	+	4.0122	0.000901	0	TAGAGGGTATATAATGG
TA0475_Foxj3_DBD_dimer		minHBGM	29	42	-	4.832	0.000904	0	GTAAGCAATAGATG
SOX8_HUMAN.H10MO.D		minHBGM	8	23	-	4.66304	0.000906	0	GCCCTGACTTTTATGC
MA0844.1.XBP1		minCMV	41	54	+	2.75	0.000909	0	AGTGAACCGTCAGA
TA0428_XBP1_DBD_dimer		minCMV	41	54	+	2.7377	0.00091	0	AGTGAACCGTCAGA
COT2_HUMAN.H10MO.A		minHBGM	16	28	+	6.42424	0.000911	0	GTCAGGGCAGAGC
MA0906.1.HOXC12		minCMV	3	13	-	3.69091	0.000913	0	CATAGTAAACG
MA0744.1.SCRT2		minHBGM	28	40	-	-3.70492	0.000914	0	AAGCAATAGATGG
BU0066.Sox17_primary		minHBGM	28	42	-	7	0.000918	0	GTAAGCAATAGATGG
AJ_HOXB2::PAX5_001		minCMV	39	55	-	3.33871	0.000919	0	ATCTGACGGTTCACTAA
MAFK_HUMAN.H10MO.A		minHBGM	31	52	+	1.51515	0.000921	0	TCTATTGCTTACATTTGCTTCT
TA0720_Nr2e1_DBD_monomer		minP	22	30	-	6.3871	0.000927	0	GGAAGTCGA
MA0908.1.HOXD11		minCMV	3	12	-	5.87324	0.000935	0	ATAGTAAACG
TA0575_HOXD11_DBD_monomer		minCMV	3	12	-	5.87097	0.000935	0	ATAGTAAACG
TA0580_HOXD13_DBD_monomer		minCMV	33	43	+	3.33871	0.000936	0	GCTCGTTTAGT
AJ_POU2F1::ETV1		minHBGM	39	51	-	3.96552	0.000939	0	GAAGCAAATGTAA
HXC12_HUMAN.H10MO.D		minCMV	3	14	+	6.97619	0.000939	0	CGTTTACTATGG
MA0030.1.FOXF2		minCMV	1	14	-	2.36667	0.000939	0	CCATAGTAAACGCC
HXD8_HUMAN.H10MO.D		minCMV	22	32	+	7.71429	0.00094	0	ATATAAGCAGA
TA0740_RXRA_full_dimer		minHBGM	6	19	+	-7.04918	0.000941	0	GGGCATAAAAGTCA
SMiLE_RXRa_001		minCMV	43	49	-	6.73034	0.000946	0	CGGTTCA
TA0065_YY2_full_monomer		minP	11	21	-	7.06557	0.000946	0	GCTTCCATTAT
RARG_HUMAN.H10MO.S		minCMV	43	49	-	7.08989	0.000947	0	CGGTTCA
MA0624.1.NFATC1		minP	13	22	-	7.80488	0.000948	0	AGCTTCCATT
TA0580_HOXD13_DBD_monomer		minHBGM	6	16	+	3.27419	0.000956	0	GGGCATAAAAG
HU0032_ZNF416		minCMV	16	33	-	-15.9038	0.000957	0	CTCTGCTTATATAGACCT
MA0593.1.FOXP2		minHBGM	34	44	-	-0.818182	0.000959	0	ATGTAAGCAAT
TA0086_Zfp740_DBD_monomer		minCMV	11	20	-	6.81818	0.00096	0	GACCTCCCAT
SMAD2_HUMAN.H10MO.C		minHBGM	19	30	-	6.54545	0.00096	0	TGGCTCTGCCCT
SMiLE_ZFP1_001		minCMV	4	18	+	3.62295	0.000962	0	GTTTACTATGGGAGG
TA0872_HOXD12_DBD_monomer		minHBGM	6	16	+	6.29032	0.000963	0	GGGCATAAAAG
SMiLE_NR1H4::RXRa_002		minCMV	35	49	+	5.6383	0.000965	0	TCGTTTAGTGAACCG
AJ_HOXB13::EOMES_001		minHBGM	1	15	+	7.17606	0.000965	0	GGGCTGGGCATAAAA
BU0018.Foxk1_primary		minP	2	18	+	4.14286	0.000966	0	AGAGGGTATATAATGGA
MA0112.3.ESR1		minHBGM	18	34	-	-13.2727	0.000966	0	TAGATGGCTCTGCCCTG
SP3_HUMAN.H10MO.B		minHBGM	14	33	+	5.14679	0.000967	0	AAGTCAGGGCAGAGCCATCT
TA0689_ESR1_DBD_dimer		minHBGM	18	34	-	-14.2295	0.000969	0	TAGATGGCTCTGCCCTG
MA0769.1.Tcf7		minHBGM	6	17	+	1.62903	0.000971	0	GGGCATAAAAGT
TA0168_Tcf7_DBD_monomer		minHBGM	6	17	+	1.62903	0.000971	0	GGGCATAAAAGT
AJ_CUX1::RFX5_001		minHBGM	29	51	+	3.37097	0.000974	0	CATCTATTGCTTACATTTGCTTC
MA0776.1.MYBL1		minCMV	1	12	+	2.60345	0.000974	0	GGCGTTTACTAT
TA0208_MYBL1_DBD_dimer		minCMV	1	12	+	2.60345	0.000974	0	GGCGTTTACTAT
RARA_HUMAN.H10MO.C		minCMV	32	48	-	6.39474	0.000978	0	GGTTCACTAAACGAGCT
MAFK_HUMAN.H10MO.A		minHBGM	17	38	-	1.30303	0.000981	0	GCAATAGATGGCTCTGCCCTGA
TA0081_ZNF740_full_monomer		minCMV	11	20	-	4.21429	0.000984	0	GACCTCCCAT
HOMEO0121_Nkx6-1_2825.2		minP	6	21	+	5.39286	0.000985	0	GGTATATAATGGAAGC
TA0076_ZNF306_full_monomer		minP	15	28	-	-5.95082	0.000985	0	AAGTCGAGCTTCCA
TA0551_HOXA10_DBD_monomer		minCMV	2	13	-	6.6129	0.000988	0	CATAGTAAACGC
ZN784_HUMAN.H10MO.D		minCMV	11	21	+	6.72727	0.000988	0	ATGGGAGGTCT
MA0039.2.Klf4		minHBGM	19	28	+	4.37755	0.000989	0	AGGGCAGAGC
HU0012_KLF14		minHBGM	19	28	+	4.37755	0.000989	0	AGGGCAGAGC
AJ_GCM1::SPDEF_001		minHBGM	16	28	+	6.45161	0.000991	0	GTCAGGGCAGAGC
TA0273_Rfx2_DBD_dimer		minCMV	4	18	+	-1.82759	0.000994	0	GTTTACTATGGGAGG
TA0503_CDX2_DBD_monomer		minCMV	4	12	-	7	0.000994	0	ATAGTAAAC
SMiLE_NR1H4::RXRa_002		minCMV	35	49	-	5.57447	0.000994	0	CGGTTCACTAAACGA
ISL1_HUMAN.H10MO.D		minHBGM	42	48	-	7.22772	0.000994	0	GCAAATG
NR2C1_HUMAN.H10MO.C		minCMV	10	22	+	3.43878	0.000996	0	TATGGGAGGTCTA
TA0839_Sox1_DBD_dimer		minHBGM	6	20	+	-11.7541	0.000998	0	GGGCATAAAAGTCAG
TA0257_POU5F1P1_DBD_monomer		minHBGM	39	50	+	6.3125	0.000999	0	TTACATTTGCTT

# FIMO (Find Individual Motif Occurrences): Version 5.1.0 compiled on Dec 12 2019 at 05:53:28
# The format of this file is described at http://meme-suite.org/doc/fimo-output-format.html.
# fimo --no-qvalue --thresh 1e-3 --verbosity 1 --o /DATA/usr/m.trauernicht/projects/SuRE-TF/analyses/KD_mES_7028/fimo /home/m.trauernicht/mydata/data/TFDB/natoli_update_2017/20170320_pwms_selected.meme /DATA/usr/m.trauernicht/projects/SuRE-TF/analyses/KD_mES_7028/promoter.fasta
